Jay,09/05/2021,Merge branch 'JB-remove-deprcated-code' into dev_main,632fd1e1,,
Jay,09/05/2021,removed test scripts,86dc584d,,
Jay,09/05/2021,noise,ec75af1c,,
TheXander,09/05/2021,Quick fix to stop any plants overlapping with Ui top That appears in gardens,49fadb04,,
TheXander,09/05/2021,Merge branch 'dev_main' into SJ-CreditToTeam,72bdc989,,
Scert,09/05/2021,Forgot to save scene,d338af33,,
Scert,09/05/2021,Added sfx to credits,ee7a4bb8,,
Jay,09/05/2021,Merge branch 'JB-fix-gamebreaking-unbinds' into dev_main,1eb001df,,
Jay,09/05/2021,proper fix to events unbinding tutorial bug,b627ca45,,
Jay,09/05/2021,hacky fix to unbind problem,472544ad,,
Scert,09/05/2021,Resized Plants Into New Branch,a429bb94,,
TheXander,09/05/2021,Merge branch 'dev_main' into AP-Adding-Return-to-Game-Button-To-Credits-scene,20877055,,
TheXander,09/05/2021,Credits button moved to main,be949a23,,
Jay,09/05/2021,Merge remote-tracking branch 'origin/dev_main' into dev_main,df9b4007,,
TheXander,09/05/2021,Buttons swapped and skip button turned off,4e245314,,
Jay,09/05/2021,spelling mistake fix in mood scene,09483a7e,,
TheXander,09/05/2021,Comments added in slots,197f84a9,,
Jay,09/05/2021,Merge branch 'JB-fix-moodDisp' into dev_main,af553fad,,
Jay,09/05/2021,improved sider positioning,5466798a,,
TheXander,09/05/2021,Plant Z Fighting resolved,3eb2cc1d,,
TheXander,09/05/2021,Garden 2 in progress,0de3d735,,
TheXander,09/05/2021,Garden 1 slots z fighting fixed,cc0a136d,,
Jay,09/05/2021,Merge branch 'JB-Fix-localisation' into dev_main,17c3cacc,,
Jay,09/05/2021,fixed localisation and made build,ae034c1b,,
Scert,08/05/2021,Resized Sprites A Little,9a1d90f8,,
Jay,08/05/2021,Commets touch ups,3ae85f01,,
Jay,08/05/2021,hotfix but introduced by last commit relating to joining game scene,922b943d,,
Jay,08/05/2021,Merge branch 'JB-bugfixes' into dev_main,7c5a0a17,,
Jay,08/05/2021,fixed log in as wrong player,6972bd7c,,
Jay,08/05/2021,fixed events bugs,e918c1ba,,
Jay,08/05/2021,fixed back button and deleted text box errors,b087d4da,,
Jay,07/05/2021,amendment to previous commit,c14a44dd,,
Jay,07/05/2021,Removed annoying error message,ec0aad41,,
Jay,07/05/2021,Merge branch 'JB-RemoveLiveSwap' into dev_main,2ff1d684,,
Jay,07/05/2021,removed live swap functionality,635b896d,,
Jay,07/05/2021,Merge branch 'JB-RemoveLiveSwap' into dev_main,5417529d,,
Jay,07/05/2021,fixed annoying repeating ngarden effects bug,8cee127e,,
Jay,07/05/2021,Merge branch 'JB-RemoveLiveSwap' into dev_main,fcf88fd3,,
Jay,07/05/2021,fixed back to main menu bug,29a6f38c,,
Jay,07/05/2021,Merge branch 'JB-Localisation' into dev_main,44687fb7,,
Jay,07/05/2021,added select language option,fa67787d,,
Jay,06/05/2021,mood scene done,35fb72d5,,
Jay,06/05/2021,connect scene done,7b2c154f,,
Jay,06/05/2021,System works for static strings,d3b97778,,
Jay,06/05/2021,system in,a357b000,,
Jay,05/05/2021,editor noise,b2685bf1,,
Jay,05/05/2021,Post-build noise,71352317,,
Jay,05/05/2021,Last changes,ee184313,,
Jay,05/05/2021,Merge remote-tracking branch 'origin/AP-Adding-New-Mood-Selection-Menu' into dev_main,479606b2,,
Jay,05/05/2021,Tutorial,35056776,,
TheXander,05/05/2021,Mood selection menu fully implemented,19d438d9,,
Jay,05/05/2021,font fixes,3231f483,,
Jay,05/05/2021,Merge branch 'JB-fixText' into dev_main,bb97fcab,,
Jay,05/05/2021,fixes,e3702167,,
Jay,05/05/2021,noise,8014b8fa,,
TheXander,04/05/2021,home screen assets in place Code to be added,33dfdba7,,
Jay,04/05/2021,Merge branch 'JB-Tutorial' into dev_main,8f478768,,
Jay,04/05/2021,Works for both players,0333c5e2,,
Jay,04/05/2021,seed bag fixed,18f10e85,,
Jay,04/05/2021,Merge branch 'dev_main' into JB-Tutorial,a2f77f46,,
Jay,04/05/2021,progrtess,54cdd5f9,,
Safya,04/05/2021,plants done,07426a69,,
Safya,04/05/2021,Importing art 2,e7075705,,
Safya,04/05/2021,Importing art 1,5f1381c3,,
Jay,04/05/2021,quick push,d3586600,,
Safya,04/05/2021,Merge branch 'SD-Improving-Look-Matchmaking-Screen' into dev_main,9c9797d0,,
Safya,04/05/2021,Merge branch 'dev_main' into SD-Improving-Look-Matchmaking-Screen,0c8cfbe9,,
Safya,04/05/2021,Merge branch 'SD-Improving-Look-Matchmaking-Screen' into dev_main,db621eb2,,
Safya,04/05/2021,Merge branch 'dev_main' into SD-Improving-Look-Matchmaking-Screen,2be3df8f,,
Safya,04/05/2021,Merge branch 'SD-Improving-Look-Matchmaking-Screen' into dev_main,370e61d6,,
Safya,04/05/2021,Merge remote-tracking branch 'origin/dev_main' into SD-Improving-Look-Matchmaking-Screen,a8d63c83,,
Scert,04/05/2021,TestCommit,b1f6fe1b,,
Safya,04/05/2021,Improved connecting scene with recycled art assets,cb66d203,,
Scert,04/05/2021,Merge branch 'SJ-Endgame' into dev_main,e99ba2f0,,
Scert,04/05/2021,Endgame Script 2,6eaa6d4a,,
Jay,04/05/2021,Merge branch 'dev_main' into JB-Tutorial,b6a968a2,,
Jay,04/05/2021,Merge branch 'AP-Adding-Effect-Animations' into dev_main,9e9c05ad,,
Jay,04/05/2021,begin,1aa92be3,,
TheXander,04/05/2021,All animations implemented,1f8cf79f,,
Jay,04/05/2021,Merge remote-tracking branch 'origin/plant-traits-popup' into dev_main,7797448a,,
Zapstereo,04/05/2021,Plant tap icons show,8757ba7a,,
Safya,04/05/2021,Merge branch 'dev_main' into SD-Partner-Logos-And-Splash-Screen,29ab1b86,,
Safya,04/05/2021,Added logos splashscreen,09c7f4d2,,
Jay,04/05/2021,Merge branch 'JB-FixConnectingSceneBugs' into dev_main,ea183bf4,,
Jay,04/05/2021,fixed,a87c5fda,,
Safya,04/05/2021,Abertay Logo in credits scene,9735a41a,,
Safya,04/05/2021,Added Abertay Logo,86871969,,
Safya,04/05/2021,Merge branch 'SD-Implementing-Art-Again' into dev_main,8778fa31,,
Safya,04/05/2021,more merge,a6aa7175,,
Safya,04/05/2021,Merge branch 'dev_main' into SD-Implementing-Art-Again,b898fb94,,
Safya D,04/05/2021,just in case?,b5c214d3,,
Safya D,04/05/2021,Updated dialogue arrows,8ab747e7,,
Jay,04/05/2021,bugfixes,262a8699,,
Safya D,04/05/2021,New background art + slots placed,7dd30157,,
Safya D,04/05/2021,Cogs, pets replaced, arrows,aad69363
Jay,04/05/2021,Merge branch 'JB-mergescott' into dev_main,60960391,,
Jay,04/05/2021,fixes,ecf44101,,
Jay,04/05/2021,Merge branch 'JB-updates' into dev_main,43aabd59,,
Jay,04/05/2021,in,ebd6c40c,,
Jay,04/05/2021,Merge remote-tracking branch 'origin/SJ-Merge+Gift+Sparkle+Cat' into dev_main,ca011f9a,,
Jay,04/05/2021,first,6eb14772,,
Jay,04/05/2021,bug fix,d7677f92,,
Jay,04/05/2021,small changes,167e929c,,
Jay,04/05/2021,Merge branch 'AP-Adding-Animations-Take-3' into dev_main,292d6756,,
Jay,04/05/2021,noise,de49605e,,
Jay,04/05/2021,Merge branch 'AP-Stable-Branch-' into dev_main,e9f155f9,,
Jay,04/05/2021,Merge remote-tracking branch 'origin/dev_main' into AP-Stable-Branch-,e8613074,,
TheXander,04/05/2021,All tending action animations implemented,7a56b897,,
Safya D,04/05/2021,Put new background seed menu,0f7d0ea8,,
Safya D,04/05/2021,Replace traits icons inside seedmenu,c7f1c808,,
TheXander,04/05/2021,Animations Implemented but need better placement,cdf3abfd,,
Jay,04/05/2021,Merge branch 'JB-HotSwap' into dev_main,a6e040e4,,
Jay,04/05/2021,hotswaping in,05da4998,,
Jay,04/05/2021,fixed buttons,5b5ccb1d,,
Scert,03/05/2021,General Push,03863df7,,
Jay,03/05/2021,Merge branch 'JB-HotSwap' into dev_main,6b2ecee6,,
Jay,03/05/2021,all in buttons dont re-activate,d28e3ea8,,
Jay,03/05/2021,get data works,c3d2e625,,
Jay,03/05/2021,differences gathered,c92766b1,,
Jay,03/05/2021,push before breaking change,b166a0e8,,
Jay,02/05/2021,quick bugfix on pause menu,835554f1,,
Jay,02/05/2021,Merge branch 'JB-Hot-Swapping' into dev_main,548c2e8a,,
Jay,02/05/2021,clean end turn,932220d6,,
Jay,02/05/2021,Merge branch 'JB-Make-Playable' into dev_main,38042c92,,
Jay,02/05/2021,bar fixed,119d8fe9,,
Jay,01/05/2021,noise,829ed2bb,,
Jay,01/05/2021,Merge branch 'JB-Fix-Growing' into dev_main,2c1b4e40,,
Jay,01/05/2021,Plants work,65dbb557,,
Jay,01/05/2021,Merge branch 'JB-Saving-Plants' into dev_main,12c5cc0b,,
Jay,01/05/2021,plants stable,17e890a7,,
Jay,01/05/2021,plant is there but is wrong,50e36a17,,
Jay,01/05/2021,progress but dioesnt work,74f4902f,,
Jay,30/04/2021,Merge branch 'dev_networking_main' into dev_main,ff51e335,,
Jay,30/04/2021,merge,c1509a21,,
Jay,30/04/2021,Merge remote-tracking branch 'origin/dev_main' into dev_networking_main,54dbe013,,
Jay,30/04/2021,Merge branch 'JB-Remove-HotSeat' into dev_networking_main,85b68153,,
Jay,30/04/2021,merge,ef16b3d9,,
Jay,30/04/2021,Merge remote-tracking branch 'origin/AP-Creating-NetWork-Add-Remove-Plants-Functions' into JB-Remove-HotSeat,cdccbe84,,
TheXander,30/04/2021,Merge branch 'dev_main' into AP-Creating-NetWork-Add-Remove-Plants-Functions,9752b91b,,
Safya D,30/04/2021,Uploading garden art,3e173a80,,
Jay,30/04/2021,garden swap too,d86a4aa8,,
Jay,30/04/2021,stable,da6ca1c2,,
Scert,30/04/2021,Probably Fixed,424a0f53,,
Safya D,30/04/2021,Replace pets + upload art,82e24ac8,,
Safya D,30/04/2021,Art upload,a7f67676,,
Safya D,30/04/2021,Art upload,44cf8bb1,,
TheXander,30/04/2021,Added current slot value to plant,57406a80,,
Scert,29/04/2021,Merge branch 'SJ-MoreSounds' into dev_main,ef86f9d7,,
Scert,29/04/2021,TestCommit,390ec118,,
Scert,29/04/2021,Merge remote-tracking branch 'origin/dev_main' into SJ-MoreSounds,7088fca8,,
Scert,29/04/2021,Merge branch 'dev_main' into SJ-MoreSounds,1771b755,,
Scert,29/04/2021,"Revert ""Merge branch 'SJ-MoreSounds' into dev_main""",08c9bd47,,
Scert,29/04/2021,Merge branch 'SJ-MoreSounds' into dev_main,a1c9656a,,
Scert,29/04/2021,"Revert ""Revert ""Merge branch 'dev_main' into SJ-MoreSounds""""",844eeb3d,,
Scert,29/04/2021,Merge branch 'SJ-MoreSounds' into dev_main,1878d726,,
TheXander,29/04/2021,update,f074c924,,
Scert,29/04/2021,"Revert ""Merge branch 'dev_main' into SJ-MoreSounds""",b63e8adc,,
Scert,29/04/2021,"Revert ""Revert ""Merge branch 'SJ-MoreSounds' into SJ-TrowelTwo""""",0f7e51de,,
Scert,29/04/2021,"Revert ""Merge branch 'SJ-MoreSounds' into SJ-TrowelTwo""",0b7140bc,,
Scert,29/04/2021,Merge branch 'dev_main' into SJ-MoreSounds,2b8d278a,,
Scert,29/04/2021,Merge branch 'SJ-MoreSounds' into SJ-TrowelTwo,444d9a50,,
TheXander,29/04/2021,Merge branch 'dev_main' into AP-Creating-NetWork-Add-Remove-Plants-Functions,290a1d25,,
TheXander,29/04/2021,Functions complete with added Function for removing plants with Trowel,09efe89a,,
Zapstereo,29/04/2021,Created confirmation popup,f0e625c6,,
Zapstereo,29/04/2021,Fixed ghost watering can arrow problem,2b0ad18c,,
Scert,29/04/2021,Double Save, Always Check,ef65cdbc,
Scert,29/04/2021,All Sounds In (AFAIK),29d87105,,
Scert,29/04/2021,TestCommit,aab2cfba,,
Jay,29/04/2021,pre-branch,65b7349d,,
Zapstereo,29/04/2021,Merged smarter tutorial,1eb5d546,,
Zapstereo,29/04/2021,Merge branch 'smart-tutorial' into dev_main,4f05cefc,,
Zapstereo,29/04/2021,Backed Up The Scene for Merging,78f64165,,
Jay,29/04/2021,progress,c51f9927,,
Jay,28/04/2021,resume progresss,d5720756,,
Safya D,28/04/2021,Added game credits scene button in Quit Menu,833e1f9b,,
Jay,28/04/2021,sending data works,e1998a49,,
Zapstereo,28/04/2021,Nudges and Rewrite,5f2dda23,,
Safya D,28/04/2021,uploading some art,4e052c1a,,
Safya D,28/04/2021,Changed lay out settings menu and added credits button,2b2f2cf4,,
Scert,28/04/2021,Trowel 2,12898829,,
Safya D,28/04/2021,i2i logo is bigger than all the other logo on home screen,d3139ce0,,
Scert,28/04/2021,Double save, just in case,3e678830,
Scert,28/04/2021,Sound Fixed???,19484052,,
Scert,28/04/2021,Merge branch 'SJ-AudioFixes' into dev_main,48c98a3a,,
Scert,28/04/2021,Merge branch 'dev_main' into SJ-AudioFixes,002b2897,,
TheXander,28/04/2021,Merge remote-tracking branch 'origin/SD-Making-UI-Bigger' into dev_main,2408ebe7,,
TheXander,28/04/2021,Merge remote-tracking branch 'origin/SD-Making-UI-Bigger' into dev_main,3ab1ad8e,,
Safya D,28/04/2021,Merge branch 'dev_main' into SD-Making-UI-Bigger,11f40432,,
Scert,28/04/2021,Merge branch 'SJ-AudioFixes' into dev_main,3cde29bd,,
Jay,28/04/2021,slight changes,489d91f3,,
Safya D,28/04/2021,Merge branch 'dev_main' into SD-Making-UI-Bigger,cd175b44,,
Jay,28/04/2021,noise,7a017ecd,,
Jay,28/04/2021,so close,20a0eca6,,
Jay,27/04/2021,merge,17391425,,
Jay,27/04/2021,Merge remote-tracking branch 'origin/AP-DataGathering2' into JB-Remove-HotSeat,c7925268,,
Jay,27/04/2021,minor changes,d6721997,,
TheXander,27/04/2021,All functions for creating data packets Complete!,7a713d9f,,
Zapstereo,27/04/2021,Merged Tutorial Arrows,73027b9b,,
Zapstereo,27/04/2021,Merge branch 'Tutorial-Expansion' into dev_main,ce83bc28,,
Safya D,27/04/2021,Made seedbag bigger again and started top UI,280c71a1,,
TheXander,27/04/2021,Merge branch 'AP-DataGathering2' into JB-Remove-HotSeat,6.95E+109,,
TheXander,27/04/2021,Merge branch 'dev_main' into AP-DataGathering2,eab4da32,,
TheXander,27/04/2021,Gathering data implemented with a few functions requiring further work,1151843e,,
Glitch99,27/04/2021,SliderChanges,feead22f,,
Safya D,27/04/2021,Added new leaves art,b9db9547,,
Safya D,27/04/2021,Implemented dialogue box art and garden sign art,71cd1723,,
Zapstereo,27/04/2021,Backed up my Combo Scene,b58e1886,,
TheXander,27/04/2021,Update to data gathering,21f6e450,,
Jay,26/04/2021,more ripping, loading setup,61cbbc7b,
Jay,26/04/2021,ripped out hotseat,c6c8b271,,
Jay,26/04/2021,turn tracking,3cf40d49,,
Jay,26/04/2021,Merge branch 'JB-Send-Game-Data' into dev_main,21d51069,,
Jay,26/04/2021,opens loaded game,9142334,,
Jay,25/04/2021,Saves Games To local file,4d27a825,,
Zapstereo,25/04/2021,added new arrow and added explanations to tutorials,a8b9ae88,,
Zapstereo,24/04/2021,Added and bugfixed Arrow system,1e6d2c55,,
Jay,24/04/2021,Merge branch 'Tutorial-Expansion' into dev_main,3d578faf,,
Jay,24/04/2021,fixed,896e37d9,,
Jay,24/04/2021,Merge branch 'dev_main' into Tutorial-Expansion,e0a745b9,,
Zapstereo,24/04/2021,pushing to locate bugs,29e16aa3,,
Jay,24/04/2021,"slider ""pop""",cbb65dd7,,
Jay,24/04/2021,Merge remote-tracking branch 'origin/dev_networking_main' into dev_main,613a2b67,,
Jay,24/04/2021,Merge remote-tracking branch 'origin/art_main' into dev_main,09bf2ed3,,
Jay,24/04/2021,merge fixes,a201728a,,
Jay,24/04/2021,half commit,07e37169,,
Jay,24/04/2021,noise,2e2273d7,,
miraxsand,23/04/2021,Companion expressions & mood selection,4a9b929d,,
Jay Bretherton,22/04/2021,noise,86564960,,
Jay Bretherton,22/04/2021,Added skip button and fixed meows and watering and cutting,46eaae39,,
Jay Bretherton,22/04/2021,Merge branch 'JB-Tending-Improve' into AP-Build-Ready-Branch,c3c5c6c7,,
Jay Bretherton,22/04/2021,noise,db3c941d,,
Jay Bretherton,22/04/2021,fix ovelap problem and dictionary key error,d5cf965e,,
TheXander,22/04/2021,Merging all of todays work,7ea272f4,,
Glitch99,22/04/2021,Try it now?,72d12d89,,
Glitch99,22/04/2021,All sound effects?,5ce0343a,,
Glitch99,22/04/2021,Double Tap,c3b88606,,
Glitch99,22/04/2021,Scene Consolidation,17f20b9a,,
Glitch99,22/04/2021,Scene not saved, oops,a2b5c225,
Safya D,22/04/2021,Merge branch 'AP-Build-Ready-Branch' into SD-Implementing-Garden2-Art,f562b426,,
Safya D,22/04/2021,Garden 2 art implemented,90d65743,,
TheGamerXander,22/04/2021,additional fixes,6d6af062,,
TheGamerXander,22/04/2021,Merge branch 'AP-Build-Ready-Branch' into AP-Planting-Bug-fix,f0cee492,,
Glitch99,22/04/2021,Sounds!,610698a6,,
TheGamerXander,22/04/2021,Planting bug fixed,c39b3749,,
Safya D,22/04/2021,Added garden 2 assets,5cc2f5c9,,
Safya D,22/04/2021,Seedbag is larger,464c7793,,
Safya D,22/04/2021,Fixed mood selection screen bug,c174a5ff,,
Safya D,22/04/2021,Test,c6048d62,,
Glitch99,22/04/2021,Commit Might Not Have Worked?,0bd23e08,,
Jay Bretherton,21/04/2021,Merge branch 'JB-Tying-In' into dev_networking_main,be0c6f27,,
Jay Bretherton,21/04/2021,noise,5d2dd340,,
Jay Bretherton,21/04/2021,list and resume works,53c2f292,,
Glitch99,21/04/2021,Test Commit,e3521d31,,
Jay Bretherton,20/04/2021,Enter game works,eae7c4bf,,
Jay Bretherton,20/04/2021,minor changes noticed to files while going through,90498935,,
Jay Bretherton,18/04/2021,bugfix,5d8e1df0,,
Jay Bretherton,18/04/2021,get data tied in,66dfe4af,,
Jay Bretherton,18/04/2021,Merge branch 'JB-Tying-In' into dev_main,c2cf3799,,
Jay Bretherton,18/04/2021,progress,895d5d24,,
Jay Bretherton,17/04/2021,comments for days,8a2fb734,,
Jay Bretherton,17/04/2021,bugfixes,deb25a00,,
Jay Bretherton,17/04/2021,new game (untested),15953321,,
Jay Bretherton,17/04/2021,login scene,13d6dcc7,,
Jay Bretherton,16/04/2021,Merge branch 'JB-GameData' into dev_main,8bb5f9d9,,
Jay Bretherton,16/04/2021,set-up,40049d60,,
Jay Bretherton,16/04/2021,Merge branch 'dev_networking_main' into dev_main,4b116504,,
Jay Bretherton,16/04/2021,Merge branch 'JB-Security-Improvements' into dev_networking_main,fae18518,,
Jay Bretherton,16/04/2021,more secure and actual keys used,e169a0e3,,
Jay Bretherton,16/04/2021,tie up,1dd7cb28,,
Jay Bretherton,16/04/2021,typo fix,d2ccd6cb,,
Jay Bretherton,16/04/2021,Merge branch 'JB-Resume-Game' into dev_networking_main,68423619,,
Jay Bretherton,16/04/2021,resum eand get shared data work,8d8ff1c1,,
Jay Bretherton,15/04/2021,Merge branch 'JB-SaveServerData' into dev_networking_main,5dad6bfe,,
Jay Bretherton,15/04/2021,Merge branch 'JB-Net-Singleton' into JB-SaveServerData,f92b4df8,,
Jay Bretherton,15/04/2021,refactored to singleton,3fb26196,,
Jay Bretherton,14/04/2021,pre-branch,7d26ee5a,,
Jay Bretherton,12/04/2021,saves data,1ca453f7,,
Jay Bretherton,12/04/2021,begin,1475ca85,,
Jay Bretherton,11/04/2021,Merge branch 'JB-Start-Actual-Framework' into dev_networking_main,8ab7a91c,,
Jay Bretherton,11/04/2021,works and is robust,d67aa11e,,
Jay Bretherton,10/04/2021,matchmaking works,5589a580,,
Jay Bretherton,10/04/2021,Join game,4181ef4a,,
Jay Bretherton,10/04/2021,join game begin,f3db098f,,
Jay Bretherton,09/04/2021,getting metadata,a4aff040,,
Jay Bretherton,09/04/2021,better paramaters,cc04fb4b,,
Jay Bretherton,09/04/2021,list my groups done,41f04d66,,
Jay Bretherton,09/04/2021,login improved,1a116903,,
Jay Bretherton,09/04/2021,Merge pull request #2 from Probably-Jay/dev_main,70854f35,,
Jay Bretherton,09/04/2021,Merge branch 'JB-Matchmaking' into dev_networking_main,bd05fcdb,,
Jay Bretherton,09/04/2021,matchmaking more robust,588a5724,,
Jay Bretherton,08/04/2021,MATCHMAKING,8807d438,,
Jay Bretherton,08/04/2021,list open groups,b8c2bd0b,,
Jay Bretherton,08/04/2021,join group with us and server,498c5fff,,
Jay Bretherton,07/04/2021,progress but hit wall,a536a0e6,,
Jay Bretherton,06/04/2021,Merge branch 'JB-Begin' into dev_networking_main,ae18beb5,,
Jay Bretherton,06/04/2021,send message works,50583f93,,
Jay Bretherton,06/04/2021,new login event discord whoooop,e2b527fd,,
Jay Bretherton,06/04/2021,apis in,dbfec440,,
Jay Bretherton,03/04/2021,Merge remote-tracking branch 'origin/SJ-ASoundPlan' into dev_main,eb96b2e0,,
Jay Bretherton,03/04/2021,Merge branch 'JB-Events-Failsafe' into dev_main,4b02d4f9,,
Jay Bretherton,03/04/2021,added events auto-unsubscription,1d3cc308,,
Glitch99,02/04/2021,BasicBackgroundSounds,ea307b7c,,
Jay Bretherton,02/04/2021,Merge branch 'JB-Fix-Mood-Counter' into dev_main,af191801,,
Jay Bretherton,02/04/2021,bugfix meltdown,2cbe7e7d,,
Jay Bretherton,02/04/2021,Merge remote-tracking branch 'origin/art_main' into dev_main,0b0b2a85,,
Jay Bretherton,02/04/2021,noise pre art merge,f4abfd98,,
AilsaDurward,02/04/2021,MissingMoodPlaceholders,5e2ad436,,
AilsaDurward,01/04/2021,MoodIcons,e8bf0db2,,
Jay Bretherton,30/03/2021,fixes,950a9061,,
Jay Bretherton,30/03/2021,Merge remote-tracking branch 'origin/SD-Tutorial-Update' into dev_main,426ab2e9,,
Jay Bretherton,30/03/2021,settings,35f1bc3e,,
Safya D,30/03/2021,Added tutorial elements,71af7f71,,
Jay Bretherton,30/03/2021,Fixed mood select,2e9f64e7,,
Jay Bretherton,30/03/2021,Merge remote-tracking branch 'origin/dev_main' into dev_main,dd61b053,,
Jay Bretherton,30/03/2021,Merge branch 'JB-Add-Icons' into dev_main,14afdaf4,,
Jay Bretherton,30/03/2021,icons in text,7fe0e4ac,,
Safya D,30/03/2021,Cat chatter win state update,7f0fb6a0,,
Jay Bretherton,30/03/2021,Push for merge,b31388a4,,
Jay Bretherton,30/03/2021,merge noise,165a606a,,
Jay Bretherton,30/03/2021,Merge branch 'JB-Win-Game' into dev_main,73e2f9a4,,
Jay Bretherton,30/03/2021,Merge remote-tracking branch 'origin/dev_main' into dev_main,4f17eb44,,
Jay Bretherton,30/03/2021,merge,68a98c09,,
TheGamerXander,30/03/2021,Merge branch 'dev_main' of https://github.com/Probably-Jay/this-Pigeon-game into dev_main,9c6dbf84,,
TheGamerXander,30/03/2021,update to icons,57d78a81,,
Safya D,30/03/2021,Merge branch 'dev_main' into SD-Mood-selection-screen,f3466723,,
Jay Bretherton,30/03/2021,vicotry screen in,42a9eb88,,
Safya D,30/03/2021,Mood selection screen update,7ecea1f5,,
Zapstereo,30/03/2021,Cat now talks about your feelings to you,c2a1cdbc,,
TheGamerXander,30/03/2021,Tending Icons now resized and adjusted to match plants better,cba489ca,,
Zapstereo,30/03/2021,Merge remote-tracking branch 'origin/JB-Win-Game' into ZF-Branch,c42f8c72,,
Zapstereo,30/03/2021,Toolbox Fixed, no longer glitchy,186f5b13,
Jay Bretherton,30/03/2021,pre merge,d044c4e4,,
TheGamerXander,30/03/2021,Fixed bugs with slots left open when changing gardens,1856ed41,,
Zapstereo,30/03/2021,Offsets finally working,5beeb83d,,
Jay Bretherton,30/03/2021,begin,ed334547,,
Zapstereo,30/03/2021,Fixed UI positioning and auto disabling of non player sliders,028bdd78,,
TheGamerXander,30/03/2021,Merge branch 'dev_main' into AP-Fixing-Slots-Placement-and-Plant-Sizes,fe1a0aaf,,
TheGamerXander,30/03/2021,adjustment to slots,1039f40a,,
TheGamerXander,30/03/2021,Slots and slot placement adjusted,36c438e8,,
Safya D,30/03/2021,test,fa45e7b4,,
Safya D,30/03/2021,Merge branch 'dev_main' into SD-Adding-Clients-To-Credits,56d1bcc4,,
Safya D,30/03/2021,Added clients logo and small aesthetic changes to main menu,0e3df41d,,
Zapstereo,30/03/2021,Merge branch 'dev_main' into ZF-Branch,1f84de8e,,
Zapstereo,30/03/2021,Merge branch 'dev_main' of https://github.com/Probably-Jay/this-Pigeon-game into dev_main,19ec2f86,,
Jay Bretherton,30/03/2021,post build,78c3b5d7,,
Zapstereo,30/03/2021,Merge branch 'dev_main' into ZF-Branch,736fcb59,,
Zapstereo,30/03/2021,noise,4745a545,,
Jay Bretherton,29/03/2021,done,18dc2985,,
Jay Bretherton,29/03/2021,Merge remote-tracking branch 'origin/ZF-Branch' into dev_main,12706da1,,
Jay Bretherton,29/03/2021,Ready foir build,cd69cf04,,
Jay Bretherton,29/03/2021,works,0db3f048,,
Jay Bretherton,29/03/2021,Working,8e5e9345,,
Zapstereo,29/03/2021,Cat chatter lines fix,05cda818,,
Jay Bretherton,29/03/2021,Merge remote-tracking branch 'origin/ZF-Branch' into dev_main,3425ab86,,
Jay Bretherton,29/03/2021,Merge remote-tracking branch 'origin/SJ-IconicGoals' into dev_main,7f664ff1,,
Jay Bretherton,29/03/2021,edit to toolbox,9f26d254,,
Glitch99,29/03/2021,Forgot to save Unity scene - whoops,04ba0dc2,,
Glitch99,29/03/2021,Icons N Stuff,b65e02c6,,
Zapstereo,29/03/2021,Tending now based on plant colliders,bde57cd3,,
Jay Bretherton,29/03/2021,Merge branch 'JB-Art-And-Scene-Change' into dev_main,e1a7e588,,
Jay Bretherton,29/03/2021,scene changes done,2bcba042,,
Jay Bretherton,29/03/2021,Scene change in,3f3dbf88,,
Jay Bretherton,29/03/2021,Merge remote-tracking branch 'origin/art_main' into JB-Art-And-Scene-Change,88a6ae9a,,
Jay Bretherton,29/03/2021,seed bag button not good,7f01d96f,,
Jay Bretherton,29/03/2021,Merge remote-tracking branch 'origin/ZF-Branch' into dev_main,8b1b062d,,
Jay Bretherton,29/03/2021,merge in,52358238,,
AilsaDurward,29/03/2021,Create TitleBuddingUp.png,9cb4bb53,,
Zapstereo,29/03/2021,UI pass Commit 1,b551fbae,,
TheGamerXander,29/03/2021,Merge branch 'AP-Adding-Selected-SeedIndicator-to-Cat' into dev_main,5dfb6e1b,,
TheGamerXander,29/03/2021,Merge branch 'dev_main' into AP-Adding-Selected-SeedIndicator-to-Cat,798d865a,,
Jay Bretherton,29/03/2021,noise,3b065d33,,
TheGamerXander,29/03/2021,Plant planting bug fixed,71d41d26,,
Jay Bretherton,29/03/2021,Merge remote-tracking branch 'origin/dev_main' into dev_main,c4c03cec,,
Jay Bretherton,29/03/2021,changes,47afde84,,
Zapstereo,29/03/2021,Seed bag close button and toolbox glitch fix,00498b52,,
TheGamerXander,29/03/2021,Merge branch 'dev_main' into AP-Adding-Selected-SeedIndicator-to-Cat,9b7737f9,,
TheGamerXander,29/03/2021,Testing,6768b70b,,
Jay Bretherton,29/03/2021,merge,b9b539e5,,
TheGamerXander,29/03/2021,Merge branch 'dev_main' into AP-Adding-Selected-SeedIndicator-to-Cat,23dab2eb,,
TheGamerXander,29/03/2021,Seed Indicator fully working,f48961f6,,
Jay Bretherton,29/03/2021,Merge remote-tracking branch 'origin/SJ-EndlessScreamingIntoTheVoid' into dev_main,330bb1b8,,
Jay Bretherton,29/03/2021,toolbox fix,aea137dd,,
Glitch99,29/03/2021,Final Push for the day, I hope,d076ef6b,
Jay Bretherton,29/03/2021,icons fix,51a519f6,,
Jay Bretherton,29/03/2021,button fixed,b3cb475b,,
Jay Bretherton,29/03/2021,noise,a8480848,,
Jay Bretherton,29/03/2021,Merge branch 'JB-Tutorial-Work-Saved' into dev_main,03444b3e,,
Jay Bretherton,29/03/2021,fixed,72e0dc67,,
Jay Bretherton,29/03/2021,tutorial,2cc12432,,
Jay Bretherton,29/03/2021,helpers,6f4029f4,,
Zapstereo,29/03/2021,prefabbed the open tb button,d77a59c4,,
Zapstereo,29/03/2021,Merge branch 'dev_main' of https://github.com/Probably-Jay/this-Pigeon-game into dev_main,c47a84db,,
Zapstereo,29/03/2021,ToolBoxButton Auto Disable,b50cb965,,
Jay Bretherton,29/03/2021,Merge branch 'JB-Tie-In-Tutorial' into dev_main,359af3d5,,
Jay Bretherton,29/03/2021,saves,ada0c247,,
Jay Bretherton,29/03/2021,Merge branch 'JB-Tie-In-Tutorial' into dev_main,c84b75c8,,
Jay Bretherton,29/03/2021,pre-merge,b461eb3a,,
Zapstereo,29/03/2021,Added the can't open seedbag event,827753ab,,
Jay Bretherton,29/03/2021,Merge branch 'dev_main' into JB-Tie-In-Tutorial,8f8acab8,,
Jay Bretherton,29/03/2021,only p1,bfa7ff37,,
Jay Bretherton,29/03/2021,Merge branch 'J-B-Fix-Tending' into dev_main,7031f406,,
Jay Bretherton,29/03/2021,Stable,a464722c,,
TheGamerXander,29/03/2021,All slots in place,7255be99,,
Jay Bretherton,29/03/2021,stable but buggy,5d72922e,,
Jay Bretherton,28/03/2021,Merge remote-tracking branch 'origin/dev_main' into dev_main,98dffc0f,,
Jay Bretherton,28/03/2021,works i hope,587e8f9b,,
Zapstereo,28/03/2021,Fixed what flower is in what button I think,7eb580a4,,
Zapstereo,28/03/2021,Tools Now Return TendingActions,bc3c584e,,
Zapstereo,28/03/2021,Merge branch 'dev_main' of https://github.com/Probably-Jay/this-Pigeon-game into dev_main,77e76318,,
Zapstereo,28/03/2021,Added some minor changes to tooldrag,1553af68,,
Zapstereo,28/03/2021,Toolbox Animation fix and button polish,17d93698,,
TheGamerXander,28/03/2021,Merge branch 'dev_main' into AP-Adding-Slots3,e1daa5dd,,
TheGamerXander,28/03/2021,fixes,ffaf7525,,
Jay Bretherton,28/03/2021,tutorial wires ready,410c1989,,
Jay Bretherton,28/03/2021,fixed,8d708569,,
Jay Bretherton,28/03/2021,progress,406b550f,,
TheGamerXander,28/03/2021,Merge branch 'dev_main' into AP-Adding-Slots3,1d621c99,,
TheGamerXander,28/03/2021,Slot system working and intergrated,e48f3435,,
Jay Bretherton,28/03/2021,setup,a4d6e76b,,
Jay Bretherton,28/03/2021,Merge branch 'ZF-Branch' into dev_main,94282be2,,
Jay Bretherton,28/03/2021,Merge branch 'dev_main' into ZF-Branch,41176238,,
Jay Bretherton,28/03/2021,noise,47bcfe07,,
Jay Bretherton,28/03/2021,Merge remote-tracking branch 'origin/dev_main' into dev_main,760444ed,,
Jay Bretherton,28/03/2021,Merge branch 'JB-Tending-Icons' into dev_main,c19bdecd,,
Jay Bretherton,28/03/2021,quit button,9ebe1c4a,,
Zapstereo,28/03/2021,Merge branch 'dev_main' of https://github.com/Probably-Jay/this-Pigeon-game into dev_main,96eddfa9,,
Zapstereo,28/03/2021,Cat Now Says things,d054181f,,
TheGamerXander,28/03/2021,Merge branch 'dev_main' into AP-Adding-Slots3,2b59a64f,,
TheGamerXander,28/03/2021,Half done,aa9c51fc,,
Jay Bretherton,28/03/2021,plants wired up,abe07a57,,
Jay Bretherton,28/03/2021,Merge remote-tracking branch 'origin/dev_main' into JB-Tending-Icons,408db009,,
Jay Bretherton,28/03/2021,icon display in,29675c85,,
Zapstereo,28/03/2021,Fixing seed menu for combo scene, adding ins and outs for it,7ed182a0,
Jay Bretherton,28/03/2021,Merge remote-tracking branch 'origin/art_main' into JB-Tending-Icons,e1dc75be,,
Jay Bretherton,28/03/2021,icons progress,5dc516e4,,
AilsaDurward,28/03/2021,PlaceholdStuff,1d038fdc,,
Jay Bretherton,28/03/2021,Merge branch 'dev_main' into JB-Tending-Icons,d33bb004,,
Zapstereo,28/03/2021,Merge branch 'dev_main' into ZF-Branch,2219e781,,
Zapstereo,28/03/2021,Toolbox click anywhere to dismiss,e65e45ac,,
Jay Bretherton,28/03/2021,combine,7315dd89,,
Jay Bretherton,28/03/2021,Merge branch 'JB-Tending-Icons' into dev_main,26902963,,
Jay Bretherton,28/03/2021,noise,f47707b6,,
Jay Bretherton,28/03/2021,noise,eaef8302,,
Jay Bretherton,28/03/2021,merge,b1f664c5,,
Jay Bretherton,28/03/2021,pre swap,b1834324,,
Zapstereo,28/03/2021,noise,28a1f331,,
Zapstereo,28/03/2021,Merge branch 'ZF-Branch' of https://github.com/Probably-Jay/this-Pigeon-game into ZF-Branch,286e0a1b,,
Zapstereo,28/03/2021,Seed Menu and Button scripts,0900397b,,
Jay Bretherton,28/03/2021,"Auto stash before merge of ""ZF-Branch"" and ""origin/ZF-Branch""",4d2094a9,,
Jay Bretherton,28/03/2021,Merge branch 'JB-Tending-Icons' into dev_main,2fc68a1a,,
Jay Bretherton,28/03/2021,fixed scene change,ad84533b,,
Jay Bretherton,28/03/2021,Merge branch 'JB-Tending-Icons' into dev_main,2f0c38ce,,
Jay Bretherton,28/03/2021,stable,29c46261,,
Jay Bretherton,27/03/2021,mostly noise,59dea724,,
Jay Bretherton,27/03/2021,Merge branch 'JB-Left-Right-Gardens' into dev_main,a8d1dc6f,,
Jay Bretherton,27/03/2021,new mood selects,f0a8045a,,
Zapstereo,27/03/2021,closed the editor,c4c94f5d,,
Jay Bretherton,27/03/2021,swaps in,377ff088,,
Zapstereo,27/03/2021,Added First Seed display screen,7d7bbde4,,
Jay Bretherton,27/03/2021,UI,8627f6b0,,
Jay Bretherton,27/03/2021,quick poush,0c8c87a3,,
Jay Bretherton,27/03/2021,touches,8378f632,,
Jay Bretherton,27/03/2021,mege,6591bada,,
Zapstereo,27/03/2021,imported art main,7c4b4194,,
Jay Bretherton,27/03/2021,merge,3da39be5,,
Jay Bretherton,27/03/2021,Merge branch 'JB-Branch' into dev_main,8643a8af,,
Jay Bretherton,27/03/2021,growth and tending complete,dcf100e5,,
AilsaDurward,27/03/2021,Merge branch 'art_main' of https://github.com/Probably-Jay/this-Pigeon-game into art_main,65a4dfc4,,
AilsaDurward,27/03/2021,PlantTraitsIcons,80cabe6c,,
Jay Bretherton,27/03/2021,growth states in,1fc4679b,,
Zapstereo,27/03/2021,Fixed rect scaling bug!,5cd4c831,,
Scalpaca,27/03/2021,PH indicator asset fixed,8e786844,,
Scalpaca,27/03/2021,UI Assets Import,f77f943b,,
AilsaDurward,27/03/2021,HomeButton,d9f34240,,
Jay Bretherton,27/03/2021,Merge branch 'JB-Branch' into ZF-Branch,3c7cde47,,
Zapstereo,27/03/2021,Added art for the toolbox tools,1411c5c4,,
Jay Bretherton,27/03/2021,pre-merge,5e599265,,
Zapstereo,27/03/2021,fixed merge with art branch,6487618,,
Jay Bretherton,27/03/2021,progress,a09589c8,,
Jay Bretherton,27/03/2021,Merge branch 'art_main' into ZF-Branch,4cda7441,,
AilsaDurward,27/03/2021,Merge branch 'art_main' of https://github.com/Probably-Jay/this-Pigeon-game into art_main,2901e6a8,,
AilsaDurward,27/03/2021,StakesPlaceholder,13d0817a,,
Zapstereo,27/03/2021,Re-Fixing toolbox animation,11a03214,,
Zapstereo,27/03/2021,"Revert ""Merge branch 'art_main' into ZF-Branch""",c6b8249d,,
Jay Bretherton,27/03/2021,oush before swwap,73cb6e68,,
Zapstereo,27/03/2021,Merge branch 'art_main' into ZF-Branch,cdceaf0f,,
Zapstereo,27/03/2021,Toolbox Close/Open testing,3d644fbb,,
Celina,26/03/2021,Plant Placeholders,c1e5e3df,,
Jay Bretherton,26/03/2021,Merge branch 'JB-Branch' into ZF-Branch,66667091,,
Jay Bretherton,26/03/2021,fixed,476f0338,,
Jay Bretherton,26/03/2021,Merge branch 'JBZF-New-Mood-System' into ZF-Branch,2f1f03dc,,
Jay Bretherton,26/03/2021,Merge branch 'JB-Branch' into JBZF-New-Mood-System,cd1b77df,,
Zapstereo,26/03/2021,started on toolbox panel,58a58411,,
Jay Bretherton,26/03/2021,folder re-organise,04482caa,,
Jay Bretherton,26/03/2021,non UI swap done,29f18948,,
Jay Bretherton,26/03/2021,refactored goal manager,8b0fdeb9,,
Jay Bretherton,26/03/2021,commented,dbafcaeb,,
Jay Bretherton,26/03/2021,new emotion system,32e02cab,,
AilsaDurward,26/03/2021,ToolTokensPlaceholders,9eb259d9,,
Jay Bretherton,26/03/2021,Merge remote-tracking branch 'origin/ZF-Branch' into JB-Branch,c32d0cb9,,
Zapstereo,26/03/2021,Tool Dragging Test Implemented,7382a704,,
Jay Bretherton,26/03/2021,begin,2af14916,,
Jay Bretherton,26/03/2021,Merge branch 'JB-Branch' into JBZF-New-Mood-System,909d6dbe,,
Jay Bretherton,26/03/2021,Obsoleted moodatribute,667939c0,,
Jay Bretherton,26/03/2021,commnent,1d47972c,,
Jay Bretherton,26/03/2021,more noise,b1b8e00b,,
Jay Bretherton,26/03/2021,noise,0db9004b,,
Jay Bretherton,26/03/2021,Merge remote-tracking branch 'origin/SJ-GrowingPains' into dev_main,1302377e,,
Jay Bretherton,26/03/2021,noise,84a4168c,,
Glitch99,25/03/2021,Debugs removed,06634a9f,,
Glitch99,25/03/2021,Basic Growth System,498bf3dd,,
Jay Bretherton,14/03/2021,Merge branch 'JB-Data-Collection' into dev_main,39509ce2,,
Jay Bretherton,14/03/2021,Finishing touches,2038cfad,,
Jay Bretherton,14/03/2021,touches up,32b92be8,,
Jay Bretherton,14/03/2021,Save system works,6fce296c,,
Jay Bretherton,14/03/2021,Progress,79d2be8f,,
Jay Bretherton,13/03/2021,Removed Docs,553691f5,,
Jay Bretherton,13/03/2021,Updated documentation,e3e8837e,,
Jay Bretherton,13/03/2021,Update README.md,6293cf36,,
Jay Bretherton,13/03/2021,Merge branch 'dev_main' of https://github.com/Probably-Jay/this-Pigeon-game into dev_main,88662f23,,
Jay Bretherton,13/03/2021,removed index,0e432c93,,
Jay Bretherton,13/03/2021,Set theme jekyll-theme-minimal,d93aedd3,,
Jay Bretherton,13/03/2021,added website,31fc8f21,,
Jay Bretherton,13/03/2021,test,8f02da09,,
Jay Bretherton,13/03/2021,Begin,71d03df8,,
Jay Bretherton,13/03/2021,Namespaces,fed15a2b,,
Jay Bretherton,12/03/2021,Merge branch 'JB-Save-Game' into dev_main,6fb95324,,
Jay Bretherton,12/03/2021,Save system works,e8b17678,,
Jay Bretherton,12/03/2021,System in place,4b668536,,
Jay Bretherton,12/03/2021,Significant progress,05911a45,,
Jay Bretherton,11/03/2021,Strong beginning, SaveRegistryManager complete,e5c9de46,
Jay Bretherton,11/03/2021,Merge pull request #1 from Probably-Jay/dev_main,a888999a,,
Jay Bretherton,11/03/2021,Merge branch 'JB-Refactor' into dev_main,05f13be5,,
Jay Bretherton,11/03/2021,Refactor fixed,742f5cc5,,
Jay Bretherton,11/03/2021,Merge remote-tracking branch 'origin/art_main' into dev_main,65849200,,
AilsaDurward,11/03/2021,ButtonsMainMenu,087e32ab,,
Jay Bretherton,11/03/2021,Merge remote-tracking branch 'origin/SJ-UserIntFixes' into JB-Refactor,9ea2d7e3,,
Jay Bretherton,11/03/2021,pre merge commit,582c306f,,
Glitch99,11/03/2021,UI Opt,1f46723d,,
Jay Bretherton,11/03/2021,Refactor done but TMP broke,75d90c02,,
Jay Bretherton,11/03/2021,more progress,601bb0f7,,
Jay Bretherton,10/03/2021,Merge remote-tracking branch 'origin/SJ-RichText' into JB-Refactor,a6b6fa49,,
Jay Bretherton,10/03/2021,more refactor (unstable),ec1534c7,,
Glitch99,10/03/2021,Oops,0f41039c,,
Glitch99,10/03/2021,$$$ UI,d22253a8,,
Jay Bretherton,10/03/2021,refactor,506a8273,,
Jay Bretherton,10/03/2021,noise,867614da,,
TheGamerXander,06/03/2021,All plant stats fixed! Big Big UI improvments,a789665b,,
Jay Bretherton,05/03/2021,Push from build,90a5dcdd,,
Jay Bretherton,05/03/2021,fixed,f3e597ea,,
Glitch99,05/03/2021,JayFixPls,3fc20ce2,,
Jay Bretherton,05/03/2021,fix pannel,5b0c302e,,
Jay Bretherton,05/03/2021,Merge branch 'JB-Fix-please' into dev_main,f3d49b13,,
Jay Bretherton,05/03/2021,fixed,fe63ecb7,,
Jay Bretherton,05/03/2021,progress maybe,0042fe65,,
Jay Bretherton,05/03/2021,Merge remote-tracking branch 'origin/SJ-ResoluteFix' into dev_main,a6fddc2b,,
Glitch99,05/03/2021,Resolute Display Fix,29b61949,,
Jay Bretherton,05/03/2021,fixed bug,1d332de7,,
Jay Bretherton,05/03/2021,unsaved scripts,e7d37ac6,,
Jay Bretherton,05/03/2021,Merge branch 'JB-Get-Images-in-Text' into dev_main,2addfbd3,,
Jay Bretherton,05/03/2021,build,52400b54,,
Jay Bretherton,05/03/2021,bold display,e6359ca9,,
Jay Bretherton,05/03/2021,Merge remote-tracking branch 'origin/dev_main' into dev_main,942b1abd,,
Jay Bretherton,05/03/2021,editor noise,e0b2ba41,,
TheGamerXander,05/03/2021,adjustments,3192701d,,
TheGamerXander,05/03/2021,Merge branch 'dev_main' into AP-Hold-Objects-On-Spawning,88a115aa,,
TheGamerXander,05/03/2021,Agreed with Jay to change direction on this. flowers now spawn in middle of garden,bd41fad1,,
Jay Bretherton,05/03/2021,mrege,382089ec,,
Jay Bretherton,05/03/2021,Merge branch 'JB-Goal-Display' into dev_main,0c21c750,,
Jay Bretherton,05/03/2021,Merge remote-tracking branch 'origin/AP-This-Time-Fixing-Grid-Object-Snaping-I-Promise' into dev_main,75426ba2,,
Jay Bretherton,05/03/2021,display works,cd29ee26,,
TheGamerXander,05/03/2021,See I did it (Objects now being placed on grid better),2eef129d,,
Jay Bretherton,05/03/2021,mood points display in,2f1cc89b,,
Jay Bretherton,04/03/2021,push,4fedb420,,
Jay Bretherton,04/03/2021,passing over,07580b40,,
Jay Bretherton,04/03/2021,progress redoing display,1d134870,,
Jay Bretherton,04/03/2021,Merge branch 'AP-Fixing-Plant-Placement-Take-Two' into dev_main,ca6c4558,,
Jay Bretherton,04/03/2021,Merge remote-tracking branch 'origin/AP-Fixing-Plant-Placement-Take-Two' into AP-Fixing-Plant-Placement-Take-Two,38b5ec70,,
TheGamerXander,04/03/2021,mearge conflicts resolved???,320555a3,,
TheGamerXander,04/03/2021,Merge branch 'dev_main' into AP-Fixing-Plant-Placement-Take-Two,d781d8c0,,
Jay Bretherton,04/03/2021,Merge branch 'AP-Fixing-Plant-Placement-Take-Two' into dev_main,857b7cf5,,
Jay Bretherton,04/03/2021,Merge branch 'dev_main' into AP-Fixing-Plant-Placement-Take-Two,b9544691,,
TheGamerXander,04/03/2021,Working Garden emotion indicators,c64ce8a7,,
Jay Bretherton,04/03/2021,fixed UI images,782c065b,,
Jay Bretherton,04/03/2021,fix animation,9bc8c812,,
Jay Bretherton,04/03/2021,Merge branch 'SJ-Goals' into dev_main,9d4ef8b1,,
Glitch99,04/03/2021,130 103 022,325bb159,,
Glitch99,04/03/2021,Updated Scores,f9ae8068,,
Jay Bretherton,04/03/2021,assets,6c8d4504,,
Glitch99,04/03/2021,Goals,8a9e4fdd,,
Jay Bretherton,04/03/2021,minor bugfix,0fdd1a7f,,
Glitch99,04/03/2021,Dev Main Test,6a46b019,,
Jay Bretherton,04/03/2021,minor comments,4b17a23c,,
Jay Bretherton,04/03/2021,Merge branch 'JB-Tutorial' into dev_main,bc356435,,
Jay Bretherton,04/03/2021,transiotions work,9200adc5,,
Jay Bretherton,04/03/2021,Toutorial close to done,7579aa78,,
Jay Bretherton,04/03/2021,bette,69e8301c,,
Jay Bretherton,04/03/2021,Fixed arrrow orientation,e0d7af09,,
Jay Bretherton,04/03/2021,Merge branch 'JB-Tutorial' into dev_main,fd213596,,
Jay Bretherton,04/03/2021,merge from main,debaa8ed,,
Jay Bretherton,04/03/2021,Merge remote-tracking branch 'origin/SJ-MoreScreens' into dev_main,89da9e24,,
Jay Bretherton,04/03/2021,Merge remote-tracking branch 'origin/JB-Tutorial' into JB-Tutorial,88fc230e,,
Jay Bretherton,04/03/2021,fixes from merge,2607119d,,
Jay Bretherton,04/03/2021,Merge branch 'dev_main' into JB-Tutorial,e50fdc61,,
TheGamerXander,04/03/2021,Merge branch 'dev_main' into AP-Adding-Arrows-Sprites,e6aa7e20,,
TheGamerXander,04/03/2021,Arrows added,b39d3c9f,,
Glitch99,04/03/2021,MOOOOOOOD GOALS,08a22d4d,,
TheGamerXander,04/03/2021,Merge remote-tracking branch 'origin/art_main' into AP-Adding-Arrows-Sprites,efc1caef,,
TheGamerXander,04/03/2021,looking for arrows,b534a78c,,
Jay Bretherton,04/03/2021,works,91d91e78,,
AilsaDurward,04/03/2021,ArrowsTesting,dc6db801,,
Jay Bretherton,04/03/2021,merge fixes,a191a098,,
Jay Bretherton,04/03/2021,Merge branch 'AP-Perenting-Grids-To-Object' into dev_main,e1fc2ad6,,
Jay Bretherton,04/03/2021,merge branch,0d6c8a91,,
Jay Bretherton,04/03/2021,Merge branch 'SJ-MoreScreens' into AP-Perenting-Grids-To-Object,fbac48d1,,
Glitch99,04/03/2021,Sprite Add,d4970b2b,,
TheGamerXander,04/03/2021,Grids now updating stats for display,ab7ffd1b,,
Jay Bretherton,04/03/2021,Begins,29345fa6,,
Glitch99,04/03/2021,Goals + An Ending,0634af88,,
TheGamerXander,04/03/2021,Testing scene,fb156aff,,
TheGamerXander,04/03/2021,Merge branch 'dev_main' into AP-Perenting-Grids-To-Object,c00c949e,,
Jay Bretherton,04/03/2021,Merge branch 'JB-Fix-singletons' into dev_main,43bb511b,,
TheGamerXander,04/03/2021,New plants implemented,2e054e27,,
Jay Bretherton,04/03/2021,Added to mood select screen too,87a26752,,
Jay Bretherton,04/03/2021,Singletons fixed,a67574e9,,
Jay Bretherton,04/03/2021,progress,6e809f79,,
TheGamerXander,04/03/2021,Tiles now modified to blend better with art,2651388a,,
Jay Bretherton,03/03/2021,temp moods added,180dbec6,,
Jay Bretherton,03/03/2021,Merge branch 'JB-Adding-Plants' into AP-Perenting-Grids-To-Object,82c59dd9,,
Jay Bretherton,03/03/2021,Plants added,b5125a04,,
Glitch99,03/03/2021,v .98,26936fd6,,
Jay Bretherton,03/03/2021,Merge remote-tracking branch 'origin/art_main' into JB-Adding-Plants,9ee87284,,
TheGamerXander,03/03/2021,New Tile art and object placement tweak,e67c5c33,,
Jay Bretherton,03/03/2021,Merge remote-tracking branch 'origin/art_main' into dev_main,3a32c02c,,
Celina,03/03/2021,Flower Placeholders,b52f306b,,
Jay Bretherton,02/03/2021,Merge branch 'JB-Meta-Garden-Scene' into dev_main,aa047dcf,,
Jay Bretherton,02/03/2021,Merge branch 'JB-Refactor-Scene-Change' into JB-Meta-Garden-Scene,6e2be0a9,,
Jay Bretherton,02/03/2021,refactor complete,6ca49608,,
Jay Bretherton,02/03/2021,setted up,1389dcb4,,
Jay Bretherton,02/03/2021,ui in, push before branch,4c214c01,
Jay Bretherton,02/03/2021,Merge branch 'JB-Misc-Debug-Removal' into dev_main,59ee024e,,
Jay Bretherton,02/03/2021,quit works everywhere,46b7ad62,,
Jay Bretherton,02/03/2021,input faker turned off,c5b76e94,,
Jay Bretherton,02/03/2021,Merge branch 'JB-Fix-Layout' into dev_main,93d79c8b,,
Jay Bretherton,02/03/2021,Layout updates complete,e0958d8b,,
Jay Bretherton,02/03/2021,ui fixed,b2b87597,,
Jay Bretherton,02/03/2021,more depencancies refactored,97a89498,,
Jay Bretherton,02/03/2021,Eliminated a refereance,8d3258d8,,
Jay Bretherton,02/03/2021,Merge branch 'JB-Import-Branch' into JB-Fix-Layout,95128415,,
Jay Bretherton,02/03/2021,imported,589f9211,,
Jay Bretherton,02/03/2021,push,97ca0f5a,,
Jay Bretherton,02/03/2021,pull merge conflict resolution,aed17d6c,,
TheGamerXander,01/03/2021,Swapping garden art asset,2be2b24b,,
TheGamerXander,01/03/2021,Grids now works on place holder background image,20074a50,,
Jay Bretherton,25/02/2021,Merge branch 'JB-Tie-In-Placement' into dev_main,68877707,,
Jay Bretherton,25/02/2021,Tied in,831641d0,,
Jay Bretherton,25/02/2021,tile placement,dd37ebd2,,
Jay Bretherton,25/02/2021,Merge branch 'JB-Android-Build' into dev_main,8f6b3935,,
Jay Bretherton,25/02/2021,Set up unity-player,364af572,,
Jay Bretherton,25/02/2021,minor bugfix,379f5ccd,,
TheGamerXander,25/02/2021,Update Second build instructions.docx,b3ad6c8b,,
Jay Bretherton,25/02/2021,Merge branch 'grid-objects' into dev_main,26cdc78c,,
Jay Bretherton,25/02/2021,serilased feilds,35de128b,,
Jay Bretherton,25/02/2021,monobehaviour and parented,977b4879,,
Jay Bretherton,25/02/2021,bugfixes for turn points,5b386aca,,
Jay Bretherton,25/02/2021,hotfix: pres change scene multiple times,775b6676,,
Jay Bretherton,25/02/2021,merge conflict resolution,63bee8d8,,
Jay Bretherton,25/02/2021,merge,b654c49a,,
Jay Bretherton,25/02/2021,metafiles,db582cb2,,
TheGamerXander,25/02/2021,positions corrected,2c37ef82,,
Glitch99,25/02/2021,First version of player restrictions,e155e910,,
TheGamerXander,25/02/2021,Repeating patterns in garden tiles added,0a62f27b,,
TheGamerXander,25/02/2021,Merge remote-tracking branch 'origin/art_main' into AP-Object-Grid-Interaction,772994ea,,
TheGamerXander,25/02/2021,Merge branch 'dev_main' into AP-Object-Grid-Interaction,d1428651,,
TheGamerXander,25/02/2021,adjusting colours of tile tints to better interact with grass tiles,f8eb53fd,,
AilsaDurward,25/02/2021,TileLightBorderEditA,da32fe03,,
Glitch99,25/02/2021,Bugfix,f239a0ee,,
Glitch99,25/02/2021,Split Moods Across Gardens,d936fc9b,,
Jay Bretherton,25/02/2021,editor noise,2b129d10,,
Jay Bretherton,25/02/2021,Merge remote-tracking branch 'origin/AP-Object-Grid-Interaction' into dev_main,024f3bb3,,
TheGamerXander,25/02/2021,Merge branch 'dev_main' into AP-Object-Grid-Interaction,6fa17262,,
TheGamerXander,25/02/2021,update to script,5da7472a,,
TheGamerXander,25/02/2021,Fully working object placement on grid,5574b8c7,,
Jay Bretherton,23/02/2021,Merge branch 'JB-Switch-Veiw' into dev_main,d28b782f,,
Jay Bretherton,23/02/2021,Switch veiw button,1ece5a28,,
Jay Bretherton,23/02/2021,Merge branch 'JB-Switch-Veiw' into origin/dev_main,0c69ae69,,
Jay Bretherton,23/02/2021,scene changes,23252b07,,
Jay Bretherton,22/02/2021,Test push,a787ce6b,,
AilsaDurward,22/02/2021,SunFlower_Test,76ec02f0,,
Jay Bretherton,19/02/2021,Merge branch 'stable_protected' into backup_protected,249ea64f,,
AlexanderPurvis,19/02/2021,Read me for first build,fbb8fd6f,,
Glitch99,19/02/2021,Week 4 Build,061f6b6f,,
Jay Bretherton,19/02/2021,more tiny touches,f639fa8b,,
Jay Bretherton,19/02/2021,bre-build,78fa0fa5,,
TheGamerXander,19/02/2021,Merge branch 'dev_main' into AP-Object-Detection-and-Placement,0b0e5f3b,,
TheGamerXander,19/02/2021,Objects now transparent when clicked on,33ddf046,,
Jay Bretherton,18/02/2021,goal passes between scenes,acdf3d00,,
Jay Bretherton,18/02/2021,Merge remote-tracking branch 'origin/SJ_SmallMoods' into dev_main,1dedfe88,,
Jay Bretherton,18/02/2021,"Auto stash before merge of ""dev_main"" and ""origin/SJ_SmallMoods""",6865911b,,
TheGamerXander,18/02/2021,Minor changes to object movement script,5f36e7f5,,
Glitch99,18/02/2021,Mood Detection v1.1,e2745111,,
Jay Bretherton,18/02/2021,art metafiles created,fa5967cf,,
Jay Bretherton,18/02/2021,Merge branch 'art_main' into dev_main,42899c4c,,
Jay Bretherton,18/02/2021,Merge remote-tracking branch 'origin/art_main' into art_main,83f2c62a,,
AilsaDurward,18/02/2021,GrassyTiles,1ab0e787,,
AilsaDurward,18/02/2021,TileSheetTest,34746425,,
Glitch99,18/02/2021,Plant Moods v1,7ecd2b4f,,
Jay Bretherton,18/02/2021,Create ReadME.txt,6a13526c,,
Jay Bretherton,18/02/2021,Merge branch 'JB-Camera-Switches' into dev_main,2a2d6a70,,
Jay Bretherton,18/02/2021,Turn swapping works,befed7fa,,
Jay Bretherton,18/02/2021,Merge branch 'JB-Scene-change-control' into dev_main,35730aac,,
Jay Bretherton,18/02/2021,disabled loading bar,21d644ea,,
Jay Bretherton,18/02/2021,scene change animation,e330cd39,,
Jay Bretherton,17/02/2021,laoding screen might not use,174df5ca,,
Jay Bretherton,17/02/2021,progress on scene changer,a8ad9ee5,,
Jay Bretherton,17/02/2021,Merge branch 'SJ_MoodDetect' into dev_main,edd6f15a,,
Jay Bretherton,17/02/2021,Merge branch 'JB-Scene-change-control' into SJ_MoodDetect,29c062bd,,
Jay Bretherton,17/02/2021,downgrade,fba9c3b6,,
Jay Bretherton,17/02/2021,begin,993e607f,,
Glitch99,17/02/2021,Mood Select Update,352e9317,,
Jay Bretherton,17/02/2021,Merge remote-tracking branch 'origin/SJ_MoodDetect' into dev_main,e01988b4,,
Jay Bretherton,17/02/2021,csproj noise,b6993a4e,,
Glitch99,17/02/2021,SJ - Mood Selection,44194998,,
TheGamerXander,16/02/2021,All Alexander Scripts commented,86bed72f,,
Jay Bretherton,16/02/2021,more minor tidys,1d427a0e,,
TheGamerXander,16/02/2021,Tidying up code,c50686cf,,
Jay Bretherton,16/02/2021,minor alterations,1912a4f3,,
Jay Bretherton,16/02/2021,Combination,17cd329c,,
TheGamerXander,16/02/2021,Alexander Purvis Creating new scene for all to add too,fe11405d,,
Jay Bretherton,16/02/2021,Merge remote-tracking branch 'origin/dev_main' into dev_main,a5bd7960,,
TheGamerXander,15/02/2021,Working object darg,5f538e2f,,
Jay Bretherton,15/02/2021,cleanup folders,019a9391,,
TheGamerXander,15/02/2021,Merge branch 'dev_main' into AP-Grid_Import,5f49dbf1,,
TheGamerXander,15/02/2021,Adding My Grid project to the main project,efecb4c9,,
Jay Bretherton,15/02/2021,re-naming folders,c1024b01,,
Jay Bretherton,14/02/2021,unsaved deltas,66952d15,,
Jay Bretherton,14/02/2021,Removed annoying singleton warnings,ecde61bc,,
Jay Bretherton,14/02/2021,Merge branch 'JB-Hotseat-feature' into dev_main,d74f67cd,,
Jay Bretherton,14/02/2021,scores decrease and reset and animate,df9de02e,,
Jay Bretherton,14/02/2021,events decrease points,4a07f230,,
Jay Bretherton,12/02/2021,Points display,6b51fd1a,,
Jay Bretherton,12/02/2021,progress scene refs,5c417ada,,
Jay Bretherton,12/02/2021,progress hot seat,9b5284c0,,
Jay Bretherton,12/02/2021,Turn point progress,c1366c03,,
Jay Bretherton,12/02/2021,Begin events system,28677df4,,
Jay Bretherton,11/02/2021,first commit,b5dee566,,
Jay Bretherton,11/02/2021,gitignore,e9942b3d,,
Jay Bretherton,11/02/2021,Initial commit,106cb87b,,
